titulo,url
GOV.BR,https://gov.br/
gov.br - Acesse sua conta,https://acesso.gov.br/
Conta gov.br — Governo Digital,https://www.gov.br/governodigital/pt-br/identidade/conta-gov-br
Governo do Brasil (@govbr) · X,https://x.com/govbr?ref_src=twsrc%5Egoogle%7Ctwcamp%5Eserp%7Ctwgr%5Eauthor
Criar sua conta gov.br,https://www.gov.br/pt-br/servicos/criar-sua-conta-gov.br
Serpro,https://www.serpro.gov.br/
gov.br – Apps no Google Play,https://play.google.com/store/apps/details?id=br.gov.meugovbr&hl=pt_BR
Portal e-CAC,https://cav.receita.fazenda.gov.br/
plataforma Brasil Participativo - Planalto,https://brasilparticipativo.presidencia.gov.br/
Consumidor.gov,http://www.consumidor.gov.br/
